{
  "project_info": {
    "project_number": "18213690093",
    "firebase_url": "https://itet-udienze.firebaseio.com",
    "project_id": "itet-udienze",
    "storage_bucket": "itet-udienze.appspot.com"
  },
  "client": [
    {
      "client_info": {
        "mobilesdk_app_id": "1:18213690093:android:c9935b2ef1afdb26",
        "android_client_info": {
          "package_name": "it.istitutopilati.verifica.Udienze"
        }
      },
      "oauth_client": [
        {
          "client_id": "18213690093-ik8r6ncl05d3udhq4nau0epmq7c29d6g.apps.googleusercontent.com",
          "client_type": 3
        }
      ],
      "api_key": [
        {
          "current_key": "AIzaSyB0rzxhNFV-CN3JIbzHW78JK5Ae7FDWgrc"
        }
      ],
      "services": {
        "analytics_service": {
          "status": 1
        },
        "appinvite_service": {
          "status": 1,
          "other_platform_oauth_client": []
        },
        "ads_service": {
          "status": 2
        }
      }
    }
  ],
  "configuration_version": "1"
}